2_M1,TASK BEGUN,1607019061.6186762
2_M1,TASK END,1607019062.6201904
3_M1,TASK BEGUN,1607019063.2151043
5_M0,TASK BEGUN,1607019064.0974374
5_M1,TASK BEGUN,1607019064.0977824
6_M0,TASK BEGUN,1607019064.203818
8_M0,TASK BEGUN,1607019064.4469573
8_M1,TASK BEGUN,1607019064.4474235
8_M2,TASK BEGUN,1607019064.447778
3_M1,TASK END,1607019065.216247
11_M1,TASK BEGUN,1607019065.7592623
6_M0,TASK END,1607019066.2058861
12_M1,TASK BEGUN,1607019066.34369
8_M0,TASK END,1607019066.448477
5_M0,TASK END,1607019067.0979726
5_M1,TASK END,1607019067.1011004
12_M2,TASK BEGUN,1607019067.345663
13_M0,TASK BEGUN,1607019067.3468974
13_M2,TASK BEGUN,1607019067.348223
8_M2,TASK END,1607019067.4498053
11_M1,TASK END,1607019067.761739
13_M0,TASK END,1607019068.3485062
8_M1,TASK END,1607019068.449826
12_M2,TASK END,1607019069.348575
15_M0,TASK BEGUN,1607019070.1180983
15_M1,TASK BEGUN,1607019070.1183534
16_M0,TASK BEGUN,1607019070.3203335
16_M1,TASK BEGUN,1607019070.3207023
12_M1,TASK END,1607019070.3459253
15_M0,TASK END,1607019071.119388
16_M0,TASK END,1607019071.3209922
13_M2,TASK END,1607019071.3497655
16_M1,TASK END,1607019072.3213496
19_M1,TASK BEGUN,1607019072.3724973
21_M1,TASK BEGUN,1607019073.0087333
21_M2,TASK BEGUN,1607019073.0090697
21_M3,TASK BEGUN,1607019073.0092733
22_M0,TASK BEGUN,1607019073.0593696
22_M1,TASK BEGUN,1607019073.0600262
21_M2,TASK END,1607019074.0099573
22_M0,TASK END,1607019074.061033
15_M1,TASK END,1607019074.1218796
24_M0,TASK BEGUN,1607019074.385329
24_M1,TASK BEGUN,1607019074.3862815
24_M2,TASK BEGUN,1607019074.387174
21_M1,TASK END,1607019075.0099251
22_M1,TASK END,1607019076.0633254
19_M1,TASK END,1607019076.3737974
24_M0,TASK END,1607019076.386261
21_M3,TASK END,1607019077.009775
24_M1,TASK END,1607019077.3897612
24_M2,TASK END,1607019077.3943152
